{
  "src": [
    "./assets/knb_sounds.ogg",
    "./assets/knb_sounds.mp3"
  ],
  "sprite": {
    "knb_ambience": [
      0,
      24033.333333333336
    ],
    "knb_anticipation": [
      26000,
      5899.999999999998
    ],
    "knb_base_bgm": [
      33000,
      97674.42176870747
    ],
    "knb_bigwin": [
      132000,
      1482.8798185941139
    ],
    "knb_bonus_bgm": [
      135000,
      63961.04308390022
    ],
    "knb_bonus_land_1": [
      200000,
      1030.2721088435476
    ],
    "knb_bonus_land_2": [
      203000,
      1030.2721088435476
    ],
    "knb_bonus_land_3": [
      206000,
      1033.2879818594165
    ],
    "knb_bonus_land_4": [
      209000,
      1030.2721088435476
    ],
    "knb_bonus_land_5": [
      212000,
      1030.2721088435476
    ],
    "knb_bonus_win": [
      215000,
      2152.8344671201867
    ],
    "knb_buy_click": [
      219000,
      783.5374149659913
    ],
    "knb_click": [
      221000,
      281.4512471655348
    ],
    "knb_epic_bgm": [
      223000,
      58434.78458049884
    ],
    "knb_epicwin": [
      283000,
      1482.8798185940855
    ],
    "knb_finalwin_end": [
      286000,
      2015.6689342403524
    ],
    "knb_fs_bonus_intro": [
      290000,
      2338.0952380952635
    ],
    "knb_fs_epic_intro": [
      294000,
      2888.0272108843315
    ],
    "knb_fs_outro": [
      298000,
      1418.7074829931703
    ],
    "knb_fs_super_intro": [
      301000,
      2883.3333333333258
    ],
    "knb_fs_total_intro": [
      305000,
      4477.0521541950075
    ],
    "knb_gacha_land": [
      311000,
      1999.9773242630567
    ],
    "knb_gacha_reveal": [
      314000,
      4449.637188208612
    ],
    "knb_gacha_reveal_blue": [
      320000,
      1986.3945578231323
    ],
    "knb_gacha_reveal_gold": [
      323000,
      1832.312925170072
    ],
    "knb_gacha_reveal_green": [
      326000,
      1832.3809523809587
    ],
    "knb_gacha_reveal_pink": [
      329000,
      1832.970521541938
    ],
    "knb_gacha_win": [
      332000,
      1999.9773242630567
    ],
    "knb_game_enter": [
      335000,
      1377.8231292516807
    ],
    "knb_globalmult_update": [
      338000,
      2368.8662131519322
    ],
    "knb_high_symbol_win": [
      342000,
      1031.7687074829678
    ],
    "knb_low_symbol_win": [
      345000,
      1031.7687074829678
    ],
    "knb_maxwin": [
      348000,
      2482.947845804972
    ],
    "knb_megawin": [
      352000,
      1482.8798185940855
    ],
    "knb_reel_spin": [
      355000,
      7063.990929705198
    ],
    "knb_reel_stop_1": [
      364000,
      235.3514739228899
    ],
    "knb_reel_stop_2": [
      366000,
      292.5396825396547
    ],
    "knb_reel_stop_3": [
      368000,
      282.8571428571536
    ],
    "knb_reel_stop_4": [
      370000,
      335.94104308389205
    ],
    "knb_reel_stop_5": [
      372000,
      238.97959183670991
    ],
    "knb_smallwin": [
      374000,
      2482.9931972789154
    ],
    "knb_spin_start": [
      378000,
      1199.9999999999886
    ],
    "knb_super_bgm": [
      381000,
      61090.90702947845
    ],
    "knb_superwin": [
      444000,
      1482.8798185940855
    ],
    "knb_voice_argatougozimsu_a": [
      447000,
      2061.8820861678273
    ],
    "knb_voice_argatougozimsu_b": [
      451000,
      2061.9954648526004
    ],
    "knb_voice_argatougozimsu_c": [
      455000,
      1353.0839002267498
    ],
    "knb_voice_irasshaimase_a": [
      458000,
      1060.0000000000023
    ],
    "knb_voice_irasshaimase_b": [
      461000,
      1060.0000000000023
    ],
    "knb_voice_irasshaimase_c": [
      464000,
      1060.0000000000023
    ],
    "knb_voice_nextCustomer_a": [
      467000,
      2053.1065759637386
    ],
    "knb_voice_nextCustomer_b": [
      471000,
      2051.6553287981765
    ],
    "knb_voice_nextCustomer_c": [
      475000,
      2060.408163265322
    ],
    "knb_voice_nextCustomer_d": [
      479000,
      2061.4285714285643
    ],
    "knb_voice_receipt_a": [
      483000,
      1677.0068027211096
    ],
    "knb_voice_receipt_b": [
      486000,
      1779.1156462585036
    ],
    "knb_voice_receipt_c": [
      489000,
      1705.8276643990666
    ],
    "knb_voice_receipt_d": [
      492000,
      1626.439909297062
    ],
    "knb_wild_land": [
      495000,
      1260.5215419501405
    ],
    "knb_win_count": [
      498000,
      6000
    ],
    "knb_winmult_applied": [
      505000,
      1482.8798185940855
    ],
    "shared_betlevel": [
      508000,
      235.10204081634356
    ],
    "shared_click": [
      510000,
      91.06575963716068
    ],
    "shared_totalwin": [
      512000,
      1316.6439909297196
    ],
    "shared_totalwin_big": [
      515000,
      2089.795918367372
    ],
    "shared_totalwin_coins": [
      519000,
      653.0612244897611
    ]
  }
}
